First_Name,Last_Name,Country,Phone_Number
Maximilian,Spencer,Austria,128-075-9247
Bruno,Mareli,Myanmar,188-319-3089
Lina,Gloria,Bosnia and Herzegovina,230-254-7517
Teresa,Lamont,Swaziland,299-291-7118
Terrence,Tania,Palau,245-091-9288
Paityn,Justine,Svalbard and Jan Mayen,518-088-5586
Austin,Tony,Greece,058-484-6421
Lennon,Roberto,Sierra Leone,444-737-6565
Jadiel,Jennifer,United States Minor Outlying Islands,558-722-6582
Lilah,Kason,Aland Islands,462-021-4097
Kaelyn,Dalton,Antarctica,307-487-0944
Diamond,Julio,Aruba,359-461-7148
Greyson,Alanna,Bahamas,730-845-9331
Brianna,Ethen,Comoros,842-148-2762
Brooklynn,Ean,San Marino,261-883-2184
Luke,Collin,Sao Tome and Principe,737-145-1482
Jamie,Karli,Cyprus,873-316-6619
Joslyn,Carina,Democratic Republic of the Congo,612-832-7679
Keon,Haylie,Georgia,926-682-5030
Caitlin,Anabella,France,643-581-1578
Sheldon,Humberto,Canada,172-873-2000
Amare,Adrianna,Oman,923-644-3911
William,Haleigh,Thailand,771-105-1823
Leyla,Audrina,Lebanon,490-780-2955
Paige,Crystal,Jamaica,069-496-1319
Jaden,Brynlee,Djibouti,133-122-1457
Jade,Draven,Ecuador,595-696-5206
Devyn,Kira,U.S. Virgin Islands,584-174-0764
Uriel,Dana,Denmark,741-423-9814
Cara,Declan,Solomon Islands,063-009-7672
Francisco,Kaden,Benin,256-894-5631
Ray,Alfred,Uruguay,782-986-2269
Jaelynn,Dillan,Liechtenstein,182-256-5854
Jairo,Jeffery,Guinea-Bissau,166-333-2507
Riya,Keagan,Panama,781-064-0981
Dorian,Adeline,Serbia,088-255-5155
Autumn,Jacoby,Papua New Guinea,469-053-7177
Alan,Kenzie,Iran,697-729-9486
Rishi,Scarlett,Nicaragua,479-111-3323
Hayley,Chanel,Mexico,778-657-5583
Lyla,Addyson,Indonesia,915-062-9812
Oswaldo,Jaylin,Laos,420-727-8675
Moises,Darrell,Cuba,033-145-5944
Lane,Siena,Croatia,051-187-5177
Alexzander,Clark,Somalia,676-687-5125
Brody,James,Iraq,864-212-4585
Will,Shayla,Portugal,168-255-3550
Brice,Talan,Bermuda,991-929-6162
Jaidyn,Muhammad,Equatorial Guinea,041-530-6882
Kayley,Hudson,Saint Martin,649-107-8665
Kamryn,Jaquan,Iceland,445-318-0249
Raven,Jovanni,Turks and Caicos Islands,101-553-0657
Payton,Dayana,British Virgin Islands,062-831-5996
Sandra,Cristian,Yemen,946-338-0041
Madilynn,Ivy,Australia,914-864-0924
Gavin,Braiden,Malta,530-838-7414
Daniela,Gabriela,Turkmenistan,425-331-4994
Janae,Leslie,Gambia,698-422-3921
Connor,Azaria,Finland,857-368-0689
Sophia,Elizabeth,Northern Mariana Islands,643-454-3380
Aron,Giselle,Pitcairn,428-588-0548
Daniel,Alisa,United Kingdom,839-600-3917
Marlee,Moshe,Mali,601-940-0106
Yadira,Elisa,Nigeria,516-360-1729
Katrina,Jermaine,Heard Island and McDonald Islands,755-981-0251
Tyshawn,Monserrat,Kosovo,383-166-7876
Giuliana,Janiah,Republic of the Congo,463-243-0125
James,Jacqueline,Sint Maarten,512-641-7584
Gwendolyn,Cristal,British Indian Ocean Territory,261-128-9292
Kylee,Baylee,Algeria,909-740-7631
Calvin,Robert,French Polynesia,165-563-9717
Jonas,Raven,Andorra,117-229-5112
Omari,Kamari,Tuvalu,348-163-6996
Anabelle,Tyshawn,Ireland,686-478-9846
Ryan,Jaydin,Maldives,733-315-7305
Savanah,Dahlia,Palestinian Territory,812-879-5482
Regina,Armani,Kenya,648-286-0941
Quentin,Jaliyah,Suriname,374-782-9800
Trenton,Zayden,Uzbekistan,718-851-0458
Elsie,Melissa,Venezuela,891-954-2243
Areli,Karley,Curacao,602-251-6219
Javion,Alivia,Albania,042-840-1303
Reagan,Aden,Libya,811-320-1430
Kailyn,Lance,Slovenia,748-954-5541
Muhammad,Carmen,Guadeloupe,246-913-2066
Sierra,Brianna,Tonga,989-375-9248
Keyla,Amara,Lithuania,324-404-6848
Nikolai,Alisha,Ivory Coast,379-421-2184
Anna,Triston,Eritrea,973-673-4588
Kimora,Aubrie,Anguilla,706-285-3822
Tristan,Kamden,Kyrgyzstan,796-113-4222
Esperanza,Riya,Afghanistan,522-734-3203
Pedro,Giana,Bahrain,277-675-6587
Keshawn,Emilee,Cape Verde,160-349-2683
Makenna,Susan,Brunei,950-425-7639
Ellis,Darwin,Israel,129-506-9728
Keenan,Madison,Argentina,548-789-7429
Lucille,Averie,Guam,458-031-1446
Jacey,Phillip,Estonia,568-420-9605
Gianni,Sonny,Costa Rica,608-680-7676
Noe,Ella,Solomon Islands,768-925-2416
Annabelle,Zoey,United States Minor Outlying Islands,872-388-9273
Nasir,Jasmine,Austria,395-632-7811
Terrance,Jefferson,Mozambique,615-096-3431
Theodore,Cameron,Peru,574-930-7846
Davon,Noelle,Burkina Faso,157-425-1749
Natalia,Jakob,Colombia,072-720-5459
Antonio,Bailey,Vietnam,975-225-5617
Tia,Delaney,Bosnia and Herzegovina,522-315-3055
Helen,Yusuf,Niger,052-738-2034
Ireland,Giovanny,Kyrgyzstan,218-149-1035
Marc,Liana,Christmas Island,716-916-1685
Nataly,Camryn,Bahrain,542-253-3161
Payton,Joselyn,Cocos Islands,890-125-6180
Amber,Kimberly,Equatorial Guinea,214-422-0475
Summer,Remington,Gabon,068-413-7774
Araceli,Pierce,Macao,522-813-0783
Zander,Gaven,France,253-831-3411
Annabel,Kane,Hungary,953-513-9291
Sammy,Nina,Cayman Islands,722-590-2998
Yaretzi,Michaela,Western Sahara,665-072-4661
Taniyah,Valentino,Laos,717-415-3153
Aiden,Omar,Hong Kong,782-498-6024
Essence,Sophia,Saint Martin,624-221-6660
Tanner,Wayne,Namibia,765-765-1416
Harmony,Hope,Bangladesh,782-765-2196
Braiden,Hayley,Faroe Islands,156-972-9214
Holden,Genevieve,Uruguay,031-321-9233
Kelsey,Aleena,Iran,860-324-7293
Jenny,Beatrice,Zimbabwe,280-557-5884
Dominique,Jaylan,Sudan,057-725-8068
Peyton,Gina,Bouvet Island,625-955-0656
Jermaine,Martin,Mongolia,723-672-3313
Jayson,Aniyah,Zambia,656-515-7457
Anabella,Peter,United Arab Emirates,055-205-0283
Tommy,Savion,Italy,005-609-5226
Nathalia,Tristen,Turkmenistan,570-818-9074
Adeline,Gavin,Latvia,764-099-8955
Jacquelyn,Jayson,Iraq,016-685-0758
Brielle,Summer,Switzerland,973-134-6714
Chasity,Braylen,Bhutan,925-330-4405
Jonathan,Braden,Republic of the Congo,011-805-1918
Priscilla,Nigel,Tokelau,842-641-3756
Mollie,Larissa,Serbia,661-402-9265
Karli,Clarissa,Poland,030-930-6804
Cason,Bo,Nauru,972-031-2553
Mckenzie,Charlotte,Kosovo,291-687-3826
Karlie,Jacquelyn,Jersey,678-274-3256
Kaitlyn,Amelia,Vatican,369-992-7631
Corey,Javion,Monaco,848-526-5901
Tanya,Walker,Pitcairn,907-532-9025
Alia,Gary,Comoros,138-105-5533
Ariana,Jazmin,North Korea,822-397-2406
Brittany,Tyrone,Trinidad and Tobago,520-700-2018
Sharon,Juliana,Uzbekistan,296-773-6092
Isabel,Weston,Palau,657-958-6110
Kolton,Tatiana,Democratic Republic of the Congo,749-211-0998
Zoe,Marlon,Slovakia,235-631-5109
Abigail,Greta,Greenland,522-922-6537
Reece,Matias,Portugal,139-828-8321
Jett,Alannah,Macedonia,817-868-4887
Kai,Fiona,Tunisia,402-399-0822
Nolan,Oliver,Botswana,179-947-9661
Ariella,Tatum,Saint Barthelemy,434-625-9898
Spencer,Eddie,Svalbard and Jan Mayen,699-010-9452
Morgan,Eric,Lebanon,358-387-5216
Adalynn,Bethany,Nicaragua,787-679-1176
Ayaan,Adan,British Indian Ocean Territory,789-305-7516
Quinn,Gael,Kenya,859-870-6222
Casey,Jamal,Ethiopia,423-521-0823
Lyric,Arnav,Heard Island and McDonald Islands,511-800-3459
Marissa,Carlie,Moldova,315-463-9431
Michael,Keyla,Guyana,555-057-6640
Santino,Riley,Andorra,035-911-4371
Cedric,Elisabeth,Mayotte,852-746-8909
Travis,Nick,Mauritania,585-868-8694
Gerardo,Logan,Slovenia,772-838-5930
Shyla,Gunner,Cambodia,271-196-3496
Trystan,Isaiah,Norway,870-674-2860
Matilda,Clay,Cook Islands,864-821-8692
Julius,Avery,South Sudan,333-469-4126
Tyrone,Gilberto,Liechtenstein,587-884-7876
Riley,Tristin,Algeria,717-770-9190
Karlee,Maci,Northern Mariana Islands,408-899-9343
Princess,Maya,Myanmar,555-873-8529
Emely,Quinton,Senegal,212-313-3675
Darwin,Sidney,New Caledonia,734-536-5172
Eliana,Branson,Chile,736-548-5745
Carson,Meredith,Bolivia,909-933-4719
Ainsley,Giada,South Georgia and the South Sandwich Islands,179-357-6638
Fiona,Zavier,Guinea-Bissau,133-250-3590
Savion,Brooklynn,Ghana,758-156-7287
Declan,Bennett,Brunei,853-883-1548
Greta,Hassan,Czech Republic,678-831-7206
Davis,Alejandra,Yemen,339-704-3926
Braylon,Janessa,Cuba,182-660-1684
Carmelo,Jaylon,Thailand,619-781-8886
Evelyn,Princess,Eritrea,022-547-0614
Giovanna,Gordon,Sweden,393-378-6822
Nicole,Lexi,Armenia,672-383-5024
